timestamp,vibration,temperature,is_fault
2023-01-01 00:00:00,52.483570765056164,213.99355436586004,0
2023-01-01 00:01:00,49.308678494144075,209.2463368291277,0
2023-01-01 00:02:00,53.23844269050346,200.59630369920174,0
2023-01-01 00:03:00,57.61514928204013,193.53063222294426,0
2023-01-01 00:04:00,48.82923312638332,206.9822331361359,0
2023-01-01 00:05:00,48.8293152152541,203.9348538542175,0
2023-01-01 00:06:00,57.896064077536955,208.95193220027733,0
2023-01-01 00:07:00,53.837173645764544,206.3517180168197,0
2023-01-01 00:08:00,47.65262807032524,210.49552715319336,0
2023-01-01 00:09:00,52.712800217929825,194.64764788439433,0
2023-01-01 00:10:00,,213.17394065634326,0
2023-01-01 00:11:00,,201.975996046924,0
2023-01-01 00:12:00,,220.75260872625265,0
2023-01-01 00:13:00,,193.10812181910433,0
2023-01-01 00:14:00,,217.35963803165248,0
2023-01-01 00:15:00,47.188562353795135,201.9791078346265,0
2023-01-01 00:16:00,44.93584439832788,193.4858199638555,0
2023-01-01 00:17:00,51.57123666297637,195.16114165945677,0
2023-01-01 00:18:00,45.45987962239394,196.7965269180568,0
2023-01-01 00:19:00,42.93848149332354,204.24165946401916,0
2023-01-01 00:20:00,57.32824384460777,205.228354880355,0
2023-01-01 00:21:00,48.87111849756732,194.26299996061422,0
2023-01-01 00:22:00,50.337641023439616,199.75645407739017,0
2023-01-01 00:23:00,42.87625906893272,221.42270358611864,0
2023-01-01 00:24:00,47.27808637737409,217.2754317010071,0
2023-01-01 00:25:00,50.554612948549334,204.36323669674033,0
2023-01-01 00:26:00,44.24503211288849,200.380034781682,0
2023-01-01 00:27:00,51.87849009172836,201.20031326718262,0
2023-01-01 00:28:00,46.99680655040598,206.13517972730418,0
2023-01-01 00:29:00,48.54153125103362,189.77207434801593,0
2023-01-01 00:30:00,46.991466938853016,197.42623462576654,0
2023-01-01 00:31:00,59.26139092254469,183.3141592612241,0
2023-01-01 00:32:00,49.93251387631033,203.99223122605278,0
2023-01-01 00:33:00,44.7114453552205,206.4719593970274,0
2023-01-01 00:34:00,54.11272456051594,195.16813537700625,0
2023-01-01 00:35:00,43.89578175014489,215.7398676329003,0
2023-01-01 00:36:00,51.04431797502378,187.7423433699766,0
2023-01-01 00:37:00,40.201649380601125,185.3562511979018,0
2023-01-01 00:38:00,43.359069755507846,202.24451818559973,0
2023-01-01 00:39:00,50.984306179345616,210.47098302612156,0
2023-01-01 00:40:00,53.69233289997705,216.83927691457868,0
2023-01-01 00:41:00,50.85684140594985,195.4111573713106,0
2023-01-01 00:42:00,49.4217585880588,210.78680833431295,0
2023-01-01 00:43:00,48.494481522053555,199.61491530499293,0
2023-01-01 00:44:00,42.60739004816286,198.2737270005918,0
2023-01-01 00:45:00,46.40077895802646,208.83659937486672,0
2023-01-01 00:46:00,47.696806145201066,206.5232287841342,0
2023-01-01 00:47:00,55.285611131094576,184.2360784301575,0
2023-01-01 00:48:00,51.718091447842305,214.76540349725894,0
2023-01-01 00:49:00,41.18479922318633,213.80091354147453,0
2023-01-01 00:50:00,51.620419846973974,193.74437298490471,0
2023-01-01 00:51:00,48.07458859791842,203.9580353343741,0
2023-01-01 00:52:00,46.61538999847021,204.9403018628274,0
2023-01-01 00:53:00,53.058381444204336,202.60673765823907,0
2023-01-01 00:54:00,55.154997612479754,194.4969484615458,0
2023-01-01 00:55:00,54.65640059558099,193.2837663206195,0
2023-01-01 00:56:00,45.80391238388681,199.74445929008556,0
2023-01-01 00:57:00,48.45393812074393,211.72729019259364,0
2023-01-01 00:58:00,51.65631715701782,205.43600154594432,0
2023-01-01 00:59:00,54.877725635611796,196.29385667913894,0
2023-01-01 01:00:00,47.60412881077355,207.71698710648346,0
2023-01-01 01:01:00,49.07170511668092,171.51457379369924,0
2023-01-01 01:02:00,44.468325129969855,211.48765700372104,0
2023-01-01 01:03:00,44.01896687959665,182.602862212219,0
2023-01-01 01:04:00,54.06262911197099,196.37559058596867,0
2023-01-01 01:05:00,56.78120014285412,188.80330105373855,0
2023-01-01 01:06:00,49.63994939209833,187.05318524279093,0
2023-01-01 01:07:00,55.017664489460124,211.6082678737852,0
2023-01-01 01:08:00,51.808180125238174,195.3229879868811,0
2023-01-01 01:09:00,46.774401226974376,203.46503881730715,0
2023-01-01 01:10:00,51.80697802754207,199.53079421120816,0
2023-01-01 01:11:00,57.690182832329846,204.7704082722312,0
2023-01-01 01:12:00,49.82086980445024,200.76821891060254,0
2023-01-01 01:13:00,57.82321827907003,187.1700777581143,0
2023-01-01 01:14:00,36.901274479551276,209.9626681944714,0
2023-01-01 01:15:00,54.10951252187612,195.0624341683869,0
2023-01-01 01:16:00,50.435235341190854,184.43418101340248,0
2023-01-01 01:17:00,48.50496324767066,195.71884839034087,0
2023-01-01 01:18:00,50.458803882677515,215.0075979063431,0
2023-01-01 01:19:00,40.06215542699554,208.50221742113493,0
2023-01-01 01:20:00,48.90164056081244,196.5134786559214,0
2023-01-01 01:21:00,51.78556285755873,196.5074229568157,0
2023-01-01 01:22:00,57.38947022370758,196.78364948782618,0
2023-01-01 01:23:00,47.40864890863176,220.7674798356084,0
2023-01-01 01:24:00,45.95753198553406,203.81935452231554,0
2023-01-01 01:25:00,47.491214782077314,204.3004164719107,0
2023-01-01 01:26:00,54.57701058851037,210.30283454031843,0
2023-01-01 01:27:00,51.64375554829842,202.38789159026513,0
2023-01-01 01:28:00,47.351198981164806,197.40957854179297,0
2023-01-01 01:29:00,52.56633716556678,198.0365015091502,0
2023-01-01 01:30:00,50.4853877467402,199.28398740585936,0
2023-01-01 01:31:00,54.84322495266444,199.62777763490158,0
2023-01-01 01:32:00,46.48973453061324,207.2762954363698,0
2023-01-01 01:33:00,48.36168926701116,200.519458858073,0
2023-01-01 01:34:00,48.03945923433921,207.32640077215578,0
2023-01-01 01:35:00,42.68242525933941,199.19283419891417,0
2023-01-01 01:36:00,51.48060138532288,200.78635190316092,0
2023-01-01 01:37:00,51.30527636089945,180.01799315467892,0
2023-01-01 01:38:00,50.025567283212304,209.1632767470248,0
2023-01-01 01:39:00,48.82706433312426,203.46488475897993,0
2023-01-01 01:40:00,42.923146289747926,209.98010109859652,0
2023-01-01 01:41:00,47.8967733861732,171.0374462180631,0
2023-01-01 01:42:00,48.286427417366156,220.88374704780728,0
2023-01-01 01:43:00,45.9886136538919,198.60410371844827,0
2023-01-01 01:44:00,49.19357144166995,211.08182816737516,0
2023-01-01 01:45:00,52.02025428407269,189.6009407287447,0
2023-01-01 01:46:00,59.43092950605265,206.1277390506257,0
2023-01-01 01:47:00,50.872889064159196,189.46584436826345,0
2023-01-01 01:48:00,51.28775195361382,193.76231039304196,0
2023-01-01 01:49:00,49.62777042116917,219.14031353866787,0
2023-01-01 01:50:00,40.40614392350479,198.09317599236653,0
2023-01-01 01:51:00,49.867430622753915,202.17432873179723,0
2023-01-01 01:52:00,50.30115104970513,208.70067730688754,0
2023-01-01 01:53:00,62.316210562426434,204.95681887972606,0
2023-01-01 01:54:00,49.03819517609439,201.50418905143576,0
2023-01-01 01:55:00,51.50773671166806,203.64961002466225,0
2023-01-01 01:56:00,49.82644115147378,224.03415585238275,0
2023-01-01 01:57:00,44.15660981190234,199.42381202966413,0
2023-01-01 01:58:00,55.7141140725751,202.01099046714967,0
2023-01-01 01:59:00,53.75966516343387,210.50654396007613,0
2023-01-01 02:00:00,53.95515973521523,211.05525932957983,0
2023-01-01 02:01:00,45.4530627260263,211.8703030556038,0
2023-01-01 02:02:00,57.013971554680495,206.38730222029184,0
2023-01-01 02:03:00,42.990744686038596,188.56995087269516,0
2023-01-01 02:04:00,52.93428546900135,216.33431532301097,0
2023-01-01 02:05:00,60.952278129049894,188.5365460698131,0
2023-01-01 02:06:00,45.04731837434656,203.02635465239032,0
2023-01-01 02:07:00,47.16851135198614,192.45724149980643,0
2023-01-01 02:08:00,50.498256825438204,199.35861653407008,0
2023-01-01 02:09:00,47.482621729419,203.2876241030348,0
2023-01-01 02:10:00,42.24668284466934,203.21357215450274,0
2023-01-01 02:11:00,50.34281487403014,204.21920754235285,0
2023-01-01 02:12:00,44.688481431369475,216.13711269058646,0
2023-01-01 02:13:00,52.36796215317591,204.5353430151398,0
2023-01-01 02:14:00,45.402878828830985,197.55843364709352,0
2023-01-01 02:15:00,57.7496720250877,209.64087168288358,0
2023-01-01 02:16:00,46.08373353831882,211.8947048892464,0
2023-01-01 02:17:00,48.38969241897162,187.72392184863008,0
2023-01-01 02:18:00,54.06758608684835,205.97400069849857,0
2023-01-01 02:19:00,43.84567841783022,207.011727423109,0
2023-01-01 02:20:00,51.13729967302065,197.02436496640007,0
2023-01-01 02:21:00,56.53571377141214,213.7570681331162,0
2023-01-01 02:22:00,41.96258382719386,198.49944412967474,0
2023-01-01 02:23:00,50.92316929266152,201.25576453471544,0
2023-01-01 02:24:00,51.29941397124212,198.2692817571613,0
2023-01-01 02:25:00,53.90911435888655,200.15579047581468,0
2023-01-01 02:26:00,43.81524644560959,189.037249131048,0
2023-01-01 02:27:00,43.39771693457862,185.59949117405705,0
2023-01-01 02:28:00,52.60970782808449,215.94505063224972,0
2023-01-01 02:29:00,51.48492336616593,191.53038651681672,0
2023-01-01 02:30:00,51.252464251729386,190.08607650543692,0
2023-01-01 02:31:00,51.73224104748488,178.46609886396286,0
2023-01-01 02:32:00,46.59987639210755,193.610382523105,0
2023-01-01 02:33:00,51.16126848580502,186.769102065925,0
2023-01-01 02:34:00,51.46536236649341,216.4201516013637,0
2023-01-01 02:35:00,46.42824290986816,210.09817089342633,0
2023-01-01 02:36:00,59.328872555723784,193.11849654822277,0
2023-01-01 02:37:00,52.36916460455894,222.52435805344308,0
2023-01-01 02:38:00,44.04348251398676,209.81765486991594,0
2023-01-01 02:39:00,53.28276804316915,196.75168616491376,0
2023-01-01 02:40:00,45.126591648863396,175.00594285126428,0
2023-01-01 02:41:00,53.93542301871226,222.90942572590743,0
2023-01-01 02:42:00,55.79297789503702,186.10427533236404,0
2023-01-01 02:43:00,45.89658840824145,183.54601253043108,0
2023-01-01 02:44:00,54.81688064622161,210.2257043200964,0
2023-01-01 02:45:00,52.063904634682494,224.39752406339272,0
2023-01-01 02:46:00,54.11030079997245,213.8427281851052,0
2023-01-01 02:47:00,59.48396491326974,205.6390912005236,0
2023-01-01 02:48:00,48.77305941998565,205.94754341665285,0
2023-01-01 02:49:00,46.23131917821255,208.53415558780307,0
2023-01-01 02:50:00,45.55242785187238,207.58928589786765,0
2023-01-01 02:51:00,45.92094857517281,202.81191423969375,0
2023-01-01 02:52:00,49.61449145292948,201.04201103951877,0
2023-01-01 02:53:00,51.70575987408322,199.3740687210048,0
2023-01-01 02:54:00,51.3834539966501,192.46035411133323,0
2023-01-01 02:55:00,54.13591624518012,197.19324923133226,0
2023-01-01 02:56:00,50.065009459389536,183.07043185804613,0
2023-01-01 02:57:00,57.26767038578659,199.0166037320525,0
2023-01-01 02:58:00,48.67671583381022,190.11408892849082,0
2023-01-01 02:59:00,63.600845832948096,188.9641068278423,0
2023-01-01 03:00:00,53.128336738825034,201.7989415115348,0
2023-01-01 03:01:00,45.714212217918586,213.92002286344598,0
2023-01-01 03:02:00,44.645537509694435,209.18316606002313,0
2023-01-01 03:03:00,52.41236207621593,184.29499396376823,0
2023-01-01 03:04:00,48.88268607337075,190.10371863429663,0
2023-01-01 03:05:00,53.57000247046046,209.40771187988216,0
2023-01-01 03:06:00,52.366188122867726,190.1751260646169,0
2023-01-01 03:07:00,49.63585543671564,197.75366850002976,0
2023-01-01 03:08:00,45.76603140965798,205.50052099024552,0
2023-01-01 03:09:00,42.42576387657068,190.31655545136366,0
2023-01-01 03:10:00,47.767425239664895,201.0537550614596,0
2023-01-01 03:11:00,54.28199397161736,186.65974505081795,0
2023-01-01 03:12:00,51.07046872065102,193.98632356048788,0
2023-01-01 03:13:00,43.77130610644006,203.19781934142537,0
2023-01-01 03:14:00,50.86590462925591,184.07006266468332,0
2023-01-01 03:15:00,51.92658689864418,204.404747379604,0
2023-01-01 03:16:00,45.580712818994336,199.8036220107332,0
2023-01-01 03:17:00,50.768625529727636,205.5248995441715,0
2023-01-01 03:18:00,50.29104359223,202.23914134064663,0
2023-01-01 03:19:00,44.28514851084689,213.64140429973844,0
2023-01-01 03:20:00,51.788936801741414,201.25224502647907,1
2023-01-01 03:21:00,52.803922631841175,196.72635275201276,1
2023-01-01 03:22:00,55.41525621587638,203.26379135685343,1
2023-01-01 03:23:00,55.26901026017452,208.4942047801598,1
2023-01-01 03:24:00,43.111653160214544,204.57023335631828,1
2023-01-01 03:25:00,45.310874800424386,205.50795772836537,1
2023-01-01 03:26:00,52.5751763360433,199.10253210152428,1
2023-01-01 03:27:00,52.56892975456105,200.51384796734766,1
2023-01-01 03:28:00,52.57523843153024,194.1372125881255,1
2023-01-01 03:29:00,69.26365745327361,226.67944090125712,1
2023-01-01 03:30:00,52.85445255346583,197.76544927874022,1
2023-01-01 03:31:00,55.677828200902994,204.2954378179593,1
2023-01-01 03:32:00,54.770008817466014,205.0608253034917,1
2023-01-01 03:33:00,53.25695625652899,222.2145498918934,1
2023-01-01 03:34:00,48.423653776798275,211.336217502794,1
2023-01-01 03:35:00,53.79484610246634,227.78354317571691,1
2023-01-01 03:36:00,46.13587392731214,209.59162436980623,1
2023-01-01 03:37:00,48.815906966299956,220.13688039774823,1
2023-01-01 03:38:00,47.57318226085448,210.01387640617793,1
2023-01-01 03:39:00,50.40937069693161,240.8392463797747,1
2023-01-01 03:40:00,61.573292833367546,208.532179075011,1
2023-01-01 03:41:00,40.66367403704126,224.52677853084168,1
2023-01-01 03:42:00,53.431300951872565,228.78674840115772,1
2023-01-01 03:43:00,41.93642064405174,227.60737872961704,1
2023-01-01 03:44:00,47.64034067105283,222.63691932959026,1
2023-01-01 03:45:00,55.44475298483683,224.2119970842984,1
2023-01-01 03:46:00,50.321400095477316,226.96872696468904,1
2023-01-01 03:47:00,44.61127611035347,226.08100039187838,1
2023-01-01 03:48:00,46.423481453700155,238.2102197393777,1
2023-01-01 03:49:00,53.39798874467338,251.6970667506074,1
2023-01-01 03:50:00,46.34816684141432,225.03732704788084,1
2023-01-01 03:51:00,51.08229294790988,217.93462326543371,1
2023-01-01 03:52:00,50.22785919951907,231.77024074097724,1
2023-01-01 03:53:00,46.74199826197091,259.4705627642983,1
2023-01-01 03:54:00,60.71972044662663,226.6571318713231,1
2023-01-01 03:55:00,53.169595111590056,252.1054537687264,1
2023-01-01 03:56:00,39.874287066711965,253.51170201831542,1
2023-01-01 03:57:00,50.93227157384714,232.2192196237364,1
2023-01-01 03:58:00,46.69106767615806,244.46534099593438,1
2023-01-01 03:59:00,54.26216667398112,256.0798845986323,1
2023-01-01 04:00:00,46.037396307836495,237.02504912073738,1
2023-01-01 04:01:00,49.42631779266551,239.80093109285394,1
2023-01-01 04:02:00,52.524936394902284,237.04033371765644,1
2023-01-01 04:03:00,54.32877597085061,233.7299837134795,1
2023-01-01 04:04:00,43.99851796472112,238.4051837330134,1
2023-01-01 04:05:00,48.32749382079526,233.6789646793162,1
2023-01-01 04:06:00,47.625273444195216,247.27961019279633,1
2023-01-01 04:07:00,46.73335383713144,240.25945136288297,1
2023-01-01 04:08:00,58.82727120140549,251.31745095464217,1
2023-01-01 04:09:00,52.024908554804774,234.44104353796374,1
2023-01-01 04:10:00,43.69558022832477,203.30880232214457,0
2023-01-01 04:11:00,54.58930973527388,208.33528961608926,0
2023-01-01 04:12:00,60.610780985063165,180.06264357428546,0
2023-01-01 04:13:00,55.16232630275574,203.74056569847573,0
2023-01-01 04:14:00,42.403150170229935,212.27668992473292,0
2023-01-01 04:15:00,47.57882963566874,187.90358981308793,0
2023-01-01 04:16:00,56.334555745933116,216.72572386837703,0
2023-01-01 04:17:00,46.461652671906094,204.19019009366045,0
2023-01-01 04:18:00,52.219097140731144,192.94988144241591,0
2023-01-01 04:19:00,53.87317026714668,199.44230922342294,0
2023-01-01 04:20:00,45.36534764210958,205.5832691252172,0
2023-01-01 04:21:00,49.702373219691,200.76005391412411,0
2023-01-01 04:22:00,33.79366329965464,205.3875599244637,0
2023-01-01 04:23:00,44.87806179332855,190.79326406920634,0
2023-01-01 04:24:00,48.7371592430342,201.6936082403608,0
2023-01-01 04:25:00,43.76108409017575,185.8628550309502,0
2023-01-01 04:26:00,58.16205651965818,198.887739386513,0
2023-01-01 04:27:00,42.84929311019684,190.9609235853521,0
2023-01-01 04:28:00,47.79977756651508,192.64470057410233,0
2023-01-01 04:29:00,50.65370288643046,212.36093175210436,0
2023-01-01 04:30:00,57.20636644533058,210.9131012059427,0
2023-01-01 04:31:00,42.8206892441028,206.09138120907178,0
2023-01-01 04:32:00,55.815818760774796,189.0768723532742,0
2023-01-01 04:33:00,50.05116530509793,196.83591550305198,0
2023-01-01 04:34:00,45.09245674476025,212.13097699979184,0
2023-01-01 04:35:00,52.31051737131635,201.41716913639905,0
2023-01-01 04:36:00,50.99529847786735,223.19329539981695,0
2023-01-01 04:37:00,46.99891561420603,203.9331783939437,0
2023-01-01 04:38:00,50.349010424950094,201.9204911649003,0
2023-01-01 04:39:00,48.0734320156912,196.908835357975,0
2023-01-01 04:40:00,50.56758672625624,201.33540904782282,0
2023-01-01 04:41:00,53.31065337260523,198.47530163619456,0
2023-01-01 04:42:00,57.93008408072676,207.0810867668859,0
2023-01-01 04:43:00,43.810922505865754,209.56702316794585,0
2023-01-01 04:44:00,60.665166873281336,192.1401053949205,0
2023-01-01 04:45:00,40.23956100238749,186.6876704644222,0
2023-01-01 04:46:00,49.24107452482208,181.63794626896703,0
2023-01-01 04:47:00,52.94158603242288,205.07991326912543,0
2023-01-01 04:48:00,51.40495933867516,188.96633393826127,0
2023-01-01 04:49:00,46.88650240089703,178.47109407047517,0
2023-01-01 04:50:00,48.95938874821363,203.88578604530963,0
2023-01-01 04:51:00,47.53499532670583,224.9299951743279,0
2023-01-01 04:52:00,47.05317621527894,199.93929088460106,0
2023-01-01 04:53:00,54.24801048510513,208.38490774451643,0
2023-01-01 04:54:00,51.785077429825236,200.81829358547566,0
2023-01-01 04:55:00,46.53545202369673,199.01110346808858,0
2023-01-01 04:56:00,54.49799937716625,209.19076482987768,0
2023-01-01 04:57:00,51.536497604383044,197.0972545581135,0
2023-01-01 04:58:00,54.0643105941948,202.67392314071904,0
2023-01-01 04:59:00,53.14814420961806,203.21697806196013,0
2023-01-01 05:00:00,45.85502494538964,193.3190954635695,0
2023-01-01 05:01:00,47.19909479901515,209.92042349536524,0
2023-01-01 05:02:00,53.73646802561631,198.2504024330459,0
2023-01-01 05:03:00,53.05185132716733,192.44254840507156,0
2023-01-01 05:04:00,49.89549203017926,205.36509843570403,0
2023-01-01 05:05:00,50.58663691654391,191.01532018208962,0
2023-01-01 05:06:00,56.388324478942124,200.28181157369127,0
2023-01-01 05:07:00,47.04214305582085,199.90881003355796,0
2023-01-01 05:08:00,52.73548690585019,210.85895565831578,0
2023-01-01 05:09:00,48.98903673783053,204.74698232879953,0
2023-01-01 05:10:00,48.911593983863895,199.74973041254856,0
2023-01-01 05:11:00,55.49388425993595,208.17766299200287,0
2023-01-01 05:12:00,54.12708174494015,213.90207549017313,0
2023-01-01 05:13:00,54.06754818000319,205.57810306351863,0
2023-01-01 05:14:00,56.52739403577164,200.1035261984338,0
2023-01-01 05:15:00,50.105019208163796,186.8816376764984,0
2023-01-01 05:16:00,53.40976485647482,189.34886336924626,0
2023-01-01 05:17:00,48.44866621703272,196.94775295645331,0
2023-01-01 05:18:00,51.62083176244221,193.90487797840717,0
2023-01-01 05:19:00,49.34928472816158,198.13028697014553,0
2023-01-01 05:20:00,50.48497982496359,200.56649924897107,0
2023-01-01 05:21:00,52.975785127184565,205.2969275435673,0
2023-01-01 05:22:00,45.908896583832636,199.29501221940907,0
2023-01-01 05:23:00,60.4619363784273,204.86501643826202,0
2023-01-01 05:24:00,44.96991309250149,200.6447441481012,0
2023-01-01 05:25:00,43.929056936061336,180.2453343364613,0
2023-01-01 05:26:00,55.79055436750034,190.60664606181246,0
2023-01-01 05:27:00,53.95831346981468,198.55912444278385,0
2023-01-01 05:28:00,53.12059908526078,187.90305257158892,0
2023-01-01 05:29:00,53.1417275463214,205.99928729996205,0
2023-01-01 05:30:00,49.93876613576543,215.30750832343696,0
2023-01-01 05:31:00,45.51372814257084,212.18761851697317,0
2023-01-01 05:32:00,50.379022790968634,197.86557129069791,0
2023-01-01 05:33:00,46.61419144243944,214.90726136849952,0
2023-01-01 05:34:00,54.87559866708875,201.48667457202112,0
2023-01-01 05:35:00,49.26471309248931,196.6291402888196,0
2023-01-01 05:36:00,45.87251401603744,193.86597336459062,0
2023-01-01 05:37:00,48.393070791735035,196.9753031351187,0
2023-01-01 05:38:00,52.064657271378124,196.11823181458772,0
2023-01-01 05:39:00,47.18137723598012,201.70416222375488,0
2023-01-01 05:40:00,45.888898022167844,201.60573981049865,0
2023-01-01 05:41:00,51.21843605745956,200.03046020153414,0
2023-01-01 05:42:00,51.22483285554361,204.3693816974635,0
2023-01-01 05:43:00,47.46528412314435,211.9064627478634,0
2023-01-01 05:44:00,47.644808471908384,209.49554135441323,0
2023-01-01 05:45:00,51.160249686788184,185.15102031550097,0
2023-01-01 05:46:00,42.75957829251338,174.46078865098045,0
2023-01-01 05:47:00,42.962681128117225,209.34319911239274,0
2023-01-01 05:48:00,46.40777889373782,186.33121301584578,0
2023-01-01 05:49:00,48.932764241440765,197.75234598107318,0
2023-01-01 05:50:00,51.554537827990025,188.2988697394064,0
2023-01-01 05:51:00,57.37678108474776,181.9801956241998,0
2023-01-01 05:52:00,54.2882981160101,205.4146272820479,0
2023-01-01 05:53:00,49.20030735018286,207.59155160302646,0
2023-01-01 05:54:00,49.904918960486555,194.23489599273282,0
2023-01-01 05:55:00,44.987353176810956,174.0895770785509,0
2023-01-01 05:56:00,49.90743432003805,194.53755551747517,0
2023-01-01 05:57:00,48.55670680539931,203.91804005402545,0
2023-01-01 05:58:00,51.613592801690444,185.2108843122587,0
2023-01-01 05:59:00,45.86384528223839,201.83359919779156,0
2023-01-01 06:00:00,52.59673257120586,199.84690150827004,0
2023-01-01 06:01:00,57.66369456501289,205.7929149960109,0
2023-01-01 06:02:00,49.45619925771571,201.19580368414154,0
2023-01-01 06:03:00,52.00855861049471,190.26931059118445,0
2023-01-01 06:04:00,53.45071995855556,211.9657150166449,0
2023-01-01 06:05:00,47.99389764057082,198.4147042697303,0
2023-01-01 06:06:00,51.12046240905208,199.72695460490067,0
2023-01-01 06:07:00,50.06296200390897,190.66732040926803,0
2023-01-01 06:08:00,50.488380492744156,195.5671774880849,0
2023-01-01 06:09:00,46.134951080722665,191.151972859731,0
2023-01-01 06:10:00,50.12255087129471,198.27053940076576,0
2023-01-01 06:11:00,52.489991456227244,217.11708480142343,0
2023-01-01 06:12:00,57.25571803897521,186.28098857068645,0
2023-01-01 06:13:00,54.79635413042603,183.86438602123258,0
2023-01-01 06:14:00,60.76591228755778,214.7117032749361,0
2023-01-01 06:15:00,46.16326218555975,197.90676322848134,0
2023-01-01 06:16:00,54.36160318360339,193.30927261340082,0
2023-01-01 06:17:00,50.91671002869176,210.39904687396077,0
2023-01-01 06:18:00,60.94901466608836,193.94384460263137,0
2023-01-01 06:19:00,45.95850857322424,218.26009713546935,0
2023-01-01 06:20:00,45.80139078909612,206.7792587133927,0
2023-01-01 06:21:00,47.003036772779886,195.12088591854297,0
2023-01-01 06:22:00,39.380521378450965,221.57308213265503,0
2023-01-01 06:23:00,47.37122489159619,193.9428507699666,0
2023-01-01 06:24:00,46.20433669223151,207.42095372009308,0
2023-01-01 06:25:00,50.75196893238104,202.99292580406492,0
2023-01-01 06:26:00,51.7087798788858,213.01741289398797,0
2023-01-01 06:27:00,59.38085419607943,215.61511196726852,0
2023-01-01 06:28:00,54.75211919093025,200.32004149065767,0
2023-01-01 06:29:00,47.115481721687985,192.46582129653817,0
2023-01-01 06:30:00,45.50792664325821,204.59972142939117,0
2023-01-01 06:31:00,52.45959585753253,193.22284630247893,0
2023-01-01 06:32:00,43.39883396489679,220.13387247526623,0
2023-01-01 06:33:00,59.157293829271765,201.36535331082737,0
2023-01-01 06:34:00,55.897200603606436,196.3467844868789,0
2023-01-01 06:35:00,47.65412173947647,201.84680305864907,0
2023-01-01 06:36:00,41.43432735454561,186.52873710470303,0
2023-01-01 06:37:00,56.76936187082707,190.2838596148935,0
2023-01-01 06:38:00,49.42730077373691,212.00413907944426,0
2023-01-01 06:39:00,56.18908155986731,193.43105721028604,0
2023-01-01 06:40:00,42.02786170602816,189.5308901731806,0
2023-01-01 06:41:00,47.00312488523114,205.36652752527286,0
2023-01-01 06:42:00,50.026218498590914,211.85704154662997,0
2023-01-01 06:43:00,50.23490296882371,207.18953310665066,0
2023-01-01 06:44:00,47.749672642603784,209.96047685805817,0
2023-01-01 06:45:00,53.114249661737496,192.43204911430539,0
2023-01-01 06:46:00,44.66189785308703,185.78189333258157,0
2023-01-01 06:47:00,49.288102574893536,215.01333651955485,0
2023-01-01 06:48:00,50.601478158559495,196.77320161157866,0
2023-01-01 06:49:00,52.57219417029375,197.49166983544953,0
2023-01-01 06:50:00,53.558074390444446,213.2819414184906,0
2023-01-01 06:51:00,44.376789540810655,205.5623000940066,0
2023-01-01 06:52:00,42.329429146321885,204.55887772081607,0
2023-01-01 06:53:00,56.38838410949255,221.65002344901083,0
2023-01-01 06:54:00,51.66157005989796,193.56481769619856,0
2023-01-01 06:55:00,46.25756731721723,209.27840128081237,0
2023-01-01 06:56:00,57.75575987761261,200.57013124897085,0
2023-01-01 06:57:00,50.57837317146429,202.68592278863258,0
2023-01-01 06:58:00,55.89648592031913,215.2846842641253,0
2023-01-01 06:59:00,50.33759240705054,205.07835756289623,0
2023-01-01 07:00:00,60.303739624409936,205.38296079049633,0
2023-01-01 07:01:00,58.776704212216025,210.725073373098,0
2023-01-01 07:02:00,48.75517925760463,196.35047270457116,0
2023-01-01 07:03:00,54.85785475477178,191.60790332660994,0
2023-01-01 07:04:00,53.226879747925736,189.55190805978967,0
2023-01-01 07:05:00,56.843157787661745,180.33643410623998,0
2023-01-01 07:06:00,45.17538269709948,220.56207129940321,0
2023-01-01 07:07:00,53.4302572999922,188.96791634278316,0
2023-01-01 07:08:00,55.292122434247936,197.78746376414227,0
2023-01-01 07:09:00,41.20630256788443,197.2318670011108,0
2023-01-01 07:10:00,44.083707436671126,203.074066978091,0
2023-01-01 07:11:00,39.803839111199494,208.15737212539295,0
2023-01-01 07:12:00,48.65296582777721,208.60473488359744,0
2023-01-01 07:13:00,53.58771127897981,194.16922561431062,0
2023-01-01 07:14:00,57.51178526048014,198.32878286213588,0
2023-01-01 07:15:00,50.37047390209887,202.825799504883,0
2023-01-01 07:16:00,58.14307772785646,197.51308873816453,0
2023-01-01 07:17:00,43.099492708925546,216.07345576019992,0
2023-01-01 07:18:00,41.48308780322423,204.9097495163825,0
2023-01-01 07:19:00,49.722261505516904,207.3487778604982,0
2023-01-01 07:20:00,51.92032724469654,206.62881268667414,0
2023-01-01 07:21:00,49.836526259529535,211.73473857485325,0
2023-01-01 07:22:00,39.66278949980062,201.81021558703708,0
2023-01-01 07:23:00,49.55439980243606,187.03168052044154,0
2023-01-01 07:24:00,43.47765249747573,203.99687951752642,0
2023-01-01 07:25:00,53.348362744150194,193.48643106208172,0
2023-01-01 07:26:00,51.83299123048424,194.71383318250244,0
2023-01-01 07:27:00,45.30060106836322,205.86364018755094,0
2023-01-01 07:28:00,47.43066541331653,212.38283071433636,0
2023-01-01 07:29:00,44.703932390555245,200.2127157673606,0
2023-01-01 07:30:00,49.686604513634144,203.08833012598964,0
2023-01-01 07:31:00,54.77571160250619,217.0221494463524,0
2023-01-01 07:32:00,45.071369768322285,202.40753179488567,0
2023-01-01 07:33:00,52.52023257758922,226.01683114180395,0
2023-01-01 07:34:00,47.348711908137794,205.65509645631545,0
2023-01-01 07:35:00,46.03563583868828,182.39237240844182,0
2023-01-01 07:36:00,49.46484820022721,207.53341621104533,0
2023-01-01 07:37:00,44.82378838790313,203.81158384882778,0
2023-01-01 07:38:00,47.23175347326409,212.89752754082747,0
2023-01-01 07:39:00,44.010610537055754,206.73181351269957,0
2023-01-01 07:40:00,59.82362566458195,198.61544016016225,0
2023-01-01 07:41:00,50.17631775985864,187.75701763710634,0
2023-01-01 07:42:00,46.501372460037075,197.90976742713974,0
2023-01-01 07:43:00,51.06989955367111,191.494795457907,0
2023-01-01 07:44:00,49.43835975154585,194.19476550195276,0
2023-01-01 07:45:00,48.89515200233389,205.8857840442061,0
2023-01-01 07:46:00,53.07083350021713,216.69904504351408,0
2023-01-01 07:47:00,53.787538550236526,203.9467152982298,0
2023-01-01 07:48:00,47.34749426194736,188.04116937964815,0
2023-01-01 07:49:00,47.1209087967766,204.44602668220142,0
2023-01-01 07:50:00,48.62474151424178,211.9663148664565,0
2023-01-01 07:51:00,38.49039417632208,193.90217095680617,0
2023-01-01 07:52:00,42.42404468900724,198.6598283332708,0
2023-01-01 07:53:00,56.83437133722262,200.14688194729197,0
2023-01-01 07:54:00,58.22483856750642,192.1510168691776,0
2023-01-01 07:55:00,48.75481980221811,206.4828043384386,0
2023-01-01 07:56:00,52.88278481527883,198.7905185139222,0
2023-01-01 07:57:00,51.55625077271768,204.19532443907028,0
2023-01-01 07:58:00,65.3944040422762,191.125078221979,0
2023-01-01 07:59:00,55.59787455717289,195.6254169967659,0
2023-01-01 08:00:00,49.36041204259617,207.2238135782777,0
2023-01-01 08:01:00,45.22229779699787,196.27166847908234,0
2023-01-01 08:02:00,41.96776839871214,217.26963851233404,0
2023-01-01 08:03:00,51.017318179336115,196.00363814385398,0
2023-01-01 08:04:00,46.21824627357849,202.24684725751885,0
2023-01-01 08:05:00,42.888731452011626,209.3259083187309,0
2023-01-01 08:06:00,46.76713557878737,185.81634267066968,0
2023-01-01 08:07:00,44.592259981928024,182.39191188019225,0
2023-01-01 08:08:00,58.43570817536283,184.74343685429906,0
2023-01-01 08:09:00,54.408198784747256,212.62584103427182,0
2023-01-01 08:10:00,49.960136793416915,194.48141854107553,0
2023-01-01 08:11:00,57.39972069445013,225.58199285668252,0
2023-01-01 08:12:00,50.386841538238095,194.35752401342612,0
2023-01-01 08:13:00,45.693578993358685,201.84551303197037,0
2023-01-01 08:14:00,57.61562038634828,215.42109952567876,0
2023-01-01 08:15:00,52.694550218423295,220.06092888159122,0
2023-01-01 08:16:00,44.81376922836772,220.61503576636397,0
2023-01-01 08:17:00,49.04830660958196,212.08366230593143,0
2023-01-01 08:18:00,45.62190873307621,210.24062525811462,0
2023-01-01 08:19:00,43.08600134517832,205.92526949201184,0
2023-01-01 08:20:00,54.630887737658206,207.78361076166638,0
2023-01-01 08:21:00,59.54708320235065,194.48814283671467,0
2023-01-01 08:22:00,43.00716213090429,191.81801116577694,0
2023-01-01 08:23:00,52.81484618345286,199.96625542589047,0
2023-01-01 08:24:00,46.746787154390866,198.29815377475072,0
2023-01-01 08:25:00,47.56437308117652,195.46771950672724,0
2023-01-01 08:26:00,47.03803037880565,206.96387447456715,0
2023-01-01 08:27:00,45.68004615160092,209.5530520857051,0
2023-01-01 08:28:00,50.24260813972413,200.88406886291847,0
2023-01-01 08:29:00,45.845249417944814,214.7753008105526,0
2023-01-01 08:30:00,51.35228412889919,188.58310885866496,0
2023-01-01 08:31:00,49.748809452754315,198.06340540720282,0
2023-01-01 08:32:00,48.80525976566795,192.83177679397195,0
2023-01-01 08:33:00,45.46218168979201,181.3346338292694,0
2023-01-01 08:34:00,47.116143347158335,199.173193141573,0
2023-01-01 08:35:00,53.77695612912878,198.78252491616718,0
2023-01-01 08:36:00,52.504585938121906,215.1344974324213,0
2023-01-01 08:37:00,45.11222377600725,206.30811684554777,0
2023-01-01 08:38:00,50.49666152714613,189.75813175670794,0
2023-01-01 08:39:00,53.75693561685895,218.54092566334188,0
2023-01-01 08:40:00,41.65297359439314,212.21033695525352,0
2023-01-01 08:41:00,52.71680096189967,205.82097703468617,0
2023-01-01 08:42:00,46.686881205270765,197.73515901150168,0
2023-01-01 08:43:00,52.852993342965796,190.4056076327652,0
2023-01-01 08:44:00,46.18370421728741,196.27793223928947,0
2023-01-01 08:45:00,40.97558949667741,210.88748619704185,0
2023-01-01 08:46:00,41.862287810584185,218.84586305934607,0
2023-01-01 08:47:00,50.24042473330691,215.43243528272188,0
2023-01-01 08:48:00,51.29861250860741,195.11150578213727,0
2023-01-01 08:49:00,45.47841687447796,188.8038256671099,0
2023-01-01 08:50:00,53.19296229388687,201.40886246911205,0
2023-01-01 08:51:00,41.6923996886552,182.31560634437147,0
2023-01-01 08:52:00,49.669601006763415,203.23167714184783,0
2023-01-01 08:53:00,43.94491900118772,198.5239741370133,0
2023-01-01 08:54:00,46.7408194609892,195.33963498131757,0
2023-01-01 08:55:00,50.23699335658207,184.05296932733205,0
2023-01-01 08:56:00,45.69793317358024,205.13600106569717,0
2023-01-01 08:57:00,48.077222278850876,194.6729916033809,0
2023-01-01 08:58:00,55.0314640460722,188.30083164289712,0
2023-01-01 08:59:00,47.115540652384254,171.2773778671835,0
2023-01-01 09:00:00,54.17846056032571,199.72485094949363,0
2023-01-01 09:01:00,44.35146572671191,217.72251596669744,0
2023-01-01 09:02:00,52.64902088957641,216.6125921454787,0
2023-01-01 09:03:00,57.207843103289505,195.42903743413729,0
2023-01-01 09:04:00,37.641777499363556,193.9778793963822,0
2023-01-01 09:05:00,46.015523722647615,204.68774256075025,0
2023-01-01 09:06:00,52.8853606359027,190.01614560811709,0
2023-01-01 09:07:00,48.984773069785035,203.01791899819466,0
2023-01-01 09:08:00,51.85572936685654,207.6608027838469,0
2023-01-01 09:09:00,46.9800740664209,212.26933223884308,0
2023-01-01 09:10:00,50.4329489373645,198.99845923520047,0
2023-01-01 09:11:00,49.221613823039604,197.96326249823034,0
2023-01-01 09:12:00,55.838910308299035,191.22017413243438,0
2023-01-01 09:13:00,51.272104216506065,191.7311964596014,0
2023-01-01 09:14:00,51.68801331037601,197.73521108098473,0
2023-01-01 09:15:00,47.94061516938766,203.6736550681618,0
2023-01-01 09:16:00,47.56196887963753,209.1358462623325,0
2023-01-01 09:17:00,47.8372090609019,191.96821049319655,0
2023-01-01 09:18:00,51.97226071189149,214.92688568959522,0
2023-01-01 09:19:00,47.895077595898684,197.2887639895743,0
2023-01-01 09:20:00,51.448874284482066,199.78632705651563,0
2023-01-01 09:21:00,60.37700399322719,192.52788320852176,0
2023-01-01 09:22:00,54.35562351715846,175.7575973972706,0
2023-01-01 09:23:00,48.369882339160796,208.84045396361049,0
2023-01-01 09:24:00,56.00606961081972,207.36843897092433,0
2023-01-01 09:25:00,47.95962313489224,197.18672442881785,0
2023-01-01 09:26:00,39.80937732411073,200.6699071722487,0
2023-01-01 09:27:00,44.95956844541298,205.15939217704098,0
2023-01-01 09:28:00,40.646040394870724,184.37454143113456,0
2023-01-01 09:29:00,48.24243257979346,194.70947322653706,0
2023-01-01 09:30:00,50.09209189594776,207.94264679621827,0
2023-01-01 09:31:00,58.382186561376415,187.4571057683075,0
2023-01-01 09:32:00,51.63463686882081,202.9355793216663,0
2023-01-01 09:33:00,48.90449735595568,186.43418195376594,0
2023-01-01 09:34:00,54.14702790591745,204.66429982433527,0
2023-01-01 09:35:00,38.944323454960575,199.64358517702516,0
2023-01-01 09:36:00,51.17807279054283,183.8486818409449,0
2023-01-01 09:37:00,53.85432596943483,211.6473935445717,0
2023-01-01 09:38:00,42.60706877110079,192.6540842320195,0
2023-01-01 09:39:00,55.71877021603464,191.8974756298562,0
2023-01-01 09:40:00,51.69248203747207,202.00569197230942,0
2023-01-01 09:41:00,47.923560430495996,211.48637349428716,0
2023-01-01 09:42:00,53.163909330531425,189.84178181021602,0
2023-01-01 09:43:00,61.35346428902198,200.6167984984797,0
2023-01-01 09:44:00,50.90933127529247,204.28816500330572,0
2023-01-01 09:45:00,51.24110293150168,206.93105607263143,0
2023-01-01 09:46:00,47.703195502298776,201.76441555277225,0
2023-01-01 09:47:00,45.75077815267604,196.32972160916677,0
2023-01-01 09:48:00,54.15167908272123,191.7240977935128,0
2023-01-01 09:49:00,45.719580870455665,200.86143883046375,0
2023-01-01 09:50:00,50.35783118609696,189.27860988014393,0
2023-01-01 09:51:00,47.61171276617441,170.78649516505394,0
2023-01-01 09:52:00,52.39489912873196,204.36559804157667,0
2023-01-01 09:53:00,51.668310526434745,209.03934841086195,0
2023-01-01 09:54:00,55.1876997212895,176.3706756445816,0
2023-01-01 09:55:00,47.44991800572627,189.90269295290062,0
2023-01-01 09:56:00,48.65062532353314,206.19154261005198,0
2023-01-01 09:57:00,45.106181421088465,220.574954697117,0
2023-01-01 09:58:00,47.778533699619445,200.2079370767541,0
2023-01-01 09:59:00,51.88650246522426,192.71997058770864,0
2023-01-01 10:00:00,67.03316033348294,198.1710355889516,1
2023-01-01 10:01:00,63.943986671956694,213.74876419148185,1
2023-01-01 10:02:00,66.42383039052869,193.54035820875464,1
2023-01-01 10:03:00,73.69857399763436,192.00807993349747,1
2023-01-01 10:04:00,53.13102784658065,195.17256477817966,1
2023-01-01 10:05:00,81.51691613651971,190.46671391741287,1
2023-01-01 10:06:00,66.14310875810438,201.22670315994796,1
2023-01-01 10:07:00,55.605840172761006,216.2467845846956,1
2023-01-01 10:08:00,67.69885543980266,203.23079273116028,1
2023-01-01 10:09:00,86.8559229337115,197.4764649787371,1
2023-01-01 10:10:00,57.196229638080545,197.08188731084456,1
2023-01-01 10:11:00,62.09482885978558,184.36809191303342,1
2023-01-01 10:12:00,63.708419633726116,208.83109777147158,1
2023-01-01 10:13:00,54.973523752419474,199.221628029872,1
2023-01-01 10:14:00,90.52350831740162,198.19520086409375,1
2023-01-01 10:15:00,68.70784452214811,231.93107567844862,1
2023-01-01 10:16:00,67.90182555991836,202.98752908365685,1
2023-01-01 10:17:00,53.59020947542593,192.48208949904816,1
2023-01-01 10:18:00,78.75922646077584,195.73642403794457,1
2023-01-01 10:19:00,58.72683617286093,211.48445709196756,1
2023-01-01 10:20:00,66.64695402543673,201.13270410537766,1
2023-01-01 10:21:00,75.1311111652619,185.61722021682633,1
2023-01-01 10:22:00,93.01670844076168,209.19228934575204,1
2023-01-01 10:23:00,63.638896239583765,193.31855914461005,1
2023-01-01 10:24:00,47.77081157498873,218.73297776217547,1
2023-01-01 10:25:00,69.28241706538103,210.8004806571465,1
2023-01-01 10:26:00,83.05708771381563,195.52678104341248,1
2023-01-01 10:27:00,81.76052892889614,212.81016361735112,1
2023-01-01 10:28:00,72.37521871418973,200.67855510527403,1
2023-01-01 10:29:00,70.55459573603427,208.5277367512222,1
2023-01-01 10:30:00,69.608902817799,204.84732817294474,1
2023-01-01 10:31:00,67.91228960025839,191.53643345009127,1
2023-01-01 10:32:00,73.97353820066724,193.5645016768254,1
2023-01-01 10:33:00,72.92029624192917,210.2996081758116,1
2023-01-01 10:34:00,75.54157719868796,196.6522466789346,1
2023-01-01 10:35:00,89.32231702978193,195.96351536758004,1
2023-01-01 10:36:00,78.04001259159725,190.44877420650647,1
2023-01-01 10:37:00,65.27695357886704,204.23599065593461,1
2023-01-01 10:38:00,63.29445237937479,220.62524919243145,1
2023-01-01 10:39:00,45.83384709079074,189.32467085745728,1
2023-01-01 10:40:00,61.37394519265877,200.2421945667276,1
2023-01-01 10:41:00,74.25228324531592,214.1222055541543,1
2023-01-01 10:42:00,63.46115926383605,199.20358608754285,1
2023-01-01 10:43:00,64.00783395474669,204.52371796249733,1
2023-01-01 10:44:00,60.54708535574827,189.3760647185312,1
2023-01-01 10:45:00,79.84668882450637,204.28307097207647,1
2023-01-01 10:46:00,56.51763743447412,198.12855734995452,1
2023-01-01 10:47:00,69.63552245602467,209.85729995679864,1
2023-01-01 10:48:00,65.56638018382743,211.87386051564752,1
2023-01-01 10:49:00,75.03293866265689,225.89563642018612,1
2023-01-01 10:50:00,59.244780474726724,205.79633173213577,0
2023-01-01 10:51:00,55.632825147738785,203.25796316582168,0
2023-01-01 10:52:00,48.65555654722585,201.94384301577335,0
2023-01-01 10:53:00,44.46737045629165,196.4683370718931,0
2023-01-01 10:54:00,62.8667990162493,203.3848384346169,0
2023-01-01 10:55:00,50.29609217007244,197.0459858986097,0
2023-01-01 10:56:00,50.06964645956473,201.68460976269614,0
2023-01-01 10:57:00,49.87937456444998,213.1759753560796,0
2023-01-01 10:58:00,50.99042380383928,189.93457434720358,0
2023-01-01 10:59:00,49.27819794038029,211.39878561129046,0
2023-01-01 11:00:00,47.13168996559882,213.17115067339864,0
2023-01-01 11:01:00,47.26570529379804,198.81931473008922,0
2023-01-01 11:02:00,49.83623364892001,178.78145100991406,0
2023-01-01 11:03:00,47.282876144331176,193.92178012905566,0
2023-01-01 11:04:00,46.43577108661418,212.9699454656111,0
2023-01-01 11:05:00,50.53215113845948,199.77131937701117,0
2023-01-01 11:06:00,48.72511391289572,190.00697767705088,0
2023-01-01 11:07:00,57.51996494291344,194.95225078771782,0
2023-01-01 11:08:00,36.74515095803494,208.40620026504553,0
2023-01-01 11:09:00,55.45753425961231,205.46733568201378,0
2023-01-01 11:10:00,56.23042596248815,197.61067900830307,0
2023-01-01 11:11:00,39.63304883795925,196.33175588185313,0
2023-01-01 11:12:00,48.28656202959826,196.0824185095618,0
2023-01-01 11:13:00,48.142795670021044,190.77589815501497,0
2023-01-01 11:14:00,42.96244152641089,216.15375689469442,0
2023-01-01 11:15:00,46.110916562045624,196.7767953078866,0
2023-01-01 11:16:00,44.44712077267086,212.17158520825495,0
2023-01-01 11:17:00,58.761352217118116,215.21316051922452,0
2023-01-01 11:18:00,54.678391965737305,209.9831089814796,0
2023-01-01 11:19:00,56.35777547497079,195.68379687281953,0
2023-01-01 11:20:00,53.60836032021617,204.0373009033661,0
2023-01-01 11:21:00,44.354741143913856,199.75804393609084,0
2023-01-01 11:22:00,47.37739866860113,190.9629813926987,0
2023-01-01 11:23:00,52.44687280613959,203.24359281721604,0
2023-01-01 11:24:00,43.889360955540276,188.20960208840197,0
2023-01-01 11:25:00,53.56499215086194,211.87679388461564,0
2023-01-01 11:26:00,48.79837300920933,195.35382702701608,0
2023-01-01 11:27:00,48.12589596225202,202.0115965587284,0
2023-01-01 11:28:00,53.554799841017456,202.83287871546142,0
2023-01-01 11:29:00,52.2213165574302,197.41095026295923,0
2023-01-01 11:30:00,48.1951691709046,205.86693801475275,0
2023-01-01 11:31:00,55.79664901682124,195.25096343377476,0
2023-01-01 11:32:00,44.59468336200052,208.71297297457244,0
2023-01-01 11:33:00,53.07967803472132,186.54020319753252,0
2023-01-01 11:34:00,52.96550628984192,201.26379579546412,0
2023-01-01 11:35:00,48.45226780343005,219.38928999058285,0
2023-01-01 11:36:00,51.63066511121059,189.99668675394426,0
2023-01-01 11:37:00,43.74443211807348,193.22255029475147,0
2023-01-01 11:38:00,54.6201350960345,205.13907849658915,0
2023-01-01 11:39:00,49.075489317785056,201.79581781939598,0
2023-01-01 11:40:00,47.3863848974048,203.5063009927356,0
2023-01-01 11:41:00,55.245046129184445,204.89187130147664,0
2023-01-01 11:42:00,46.4782815472862,206.3472146856177,0
2023-01-01 11:43:00,42.957693518182204,211.09699841956223,0
2023-01-01 11:44:00,42.21685413238048,204.09818656928513,0
2023-01-01 11:45:00,53.0300497567282,197.58742345381458,0
2023-01-01 11:46:00,43.597853237518585,206.7257370120273,0
2023-01-01 11:47:00,58.77397090992182,218.99881934895214,0
2023-01-01 11:48:00,39.59035296058139,198.67366253617428,0
2023-01-01 11:49:00,58.48228184145019,190.25470695329358,0
2023-01-01 11:50:00,51.055087336013095,211.07080669286972,0
2023-01-01 11:51:00,49.51643444064804,198.79618836046401,0
2023-01-01 11:52:00,47.275404565955256,178.27330453985965,0
2023-01-01 11:53:00,51.99568057176035,208.47421677150422,0
2023-01-01 11:54:00,49.811826487875756,194.64671814046076,0
2023-01-01 11:55:00,55.51650941008261,199.09466717695838,0
2023-01-01 11:56:00,50.5711382433102,203.31980330569016,0
2023-01-01 11:57:00,50.751508807309385,201.90499679779066,0
2023-01-01 11:58:00,48.18193893893072,207.0945181713904,0
2023-01-01 11:59:00,49.71527188139466,195.64513629430158,0
2023-01-01 12:00:00,51.5390088444603,205.13105798176082,0
2023-01-01 12:01:00,41.449158036716874,197.40453322416082,0
2023-01-01 12:02:00,43.25907288947143,207.38810480887503,0
2023-01-01 12:03:00,53.71632047011357,206.15367484013052,0
2023-01-01 12:04:00,50.85432719063971,190.64561297955404,0
2023-01-01 12:05:00,49.0800833182366,210.85982116175032,0
2023-01-01 12:06:00,50.09216966532696,194.6403655488595,0
2023-01-01 12:07:00,51.737908526808354,208.08057798281146,0
2023-01-01 12:08:00,47.30120159845319,203.6728731340134,0
2023-01-01 12:09:00,46.108476372988434,218.38183676795123,0
2023-01-01 12:10:00,50.97922627548841,197.76534017628148,0
2023-01-01 12:11:00,45.10813611192484,196.50683203881803,0
2023-01-01 12:12:00,52.04126377857236,199.80580394112266,0
2023-01-01 12:13:00,41.4870819788108,196.96820217165725,0
2023-01-01 12:14:00,55.14577818662822,207.99941901942051,0
2023-01-01 12:15:00,52.362987412065216,183.8368939156341,0
2023-01-01 12:16:00,51.28014867156938,189.46317580853645,0
2023-01-01 12:17:00,54.91345491972757,189.32197078420808,0
2023-01-01 12:18:00,58.32737222231288,209.50307591973575,0
2023-01-01 12:19:00,55.07185032509065,217.10613372581926,0
2023-01-01 12:20:00,40.795628843341774,198.9555078146253,0
2023-01-01 12:21:00,43.60211516632149,198.3117827680999,0
2023-01-01 12:22:00,46.875907111521606,200.7005216311318,0
2023-01-01 12:23:00,50.130455251054165,211.6187830260819,0
2023-01-01 12:24:00,52.58829510234562,190.72646865809426,0
2023-01-01 12:25:00,46.37128093423267,202.38368982734787,0
2023-01-01 12:26:00,50.93383382238539,209.75197629782429,0
2023-01-01 12:27:00,46.22308533823339,205.01094169939844,0
2023-01-01 12:28:00,46.94241098504026,201.89581616598744,0
2023-01-01 12:29:00,42.96669451575889,210.01046092567142,0
2023-01-01 12:30:00,45.38383376944548,172.96767707000762,0
2023-01-01 12:31:00,43.241576971918334,206.77875319530906,0
2023-01-01 12:32:00,45.12063373511334,193.45924316872575,0
2023-01-01 12:33:00,55.268208983039194,181.69367103143543,0
2023-01-01 12:34:00,45.25300555584028,205.1120259952498,0
2023-01-01 12:35:00,63.161910324186955,213.73658545162957,0
2023-01-01 12:36:00,52.466589504404446,198.62551485372308,0
2023-01-01 12:37:00,50.92418061847437,209.52874547202939,0
2023-01-01 12:38:00,45.70821109909393,216.12278257988646,0
2023-01-01 12:39:00,53.501549397044954,213.14914453584046,0
2023-01-01 12:40:00,47.12181086881113,216.39964529371392,0
2023-01-01 12:41:00,50.610049073226804,207.42127491071892,0
2023-01-01 12:42:00,62.800422691343975,200.75433638901592,0
2023-01-01 12:43:00,49.519700501376754,183.98034188102832,0
2023-01-01 12:44:00,55.74636663142838,197.53937511870052,0
2023-01-01 12:45:00,46.48411787437056,191.5675340468381,0
2023-01-01 12:46:00,49.82505754751519,221.70942717497815,0
2023-01-01 12:47:00,58.85400317817755,198.24114187567665,0
2023-01-01 12:48:00,46.86516471106116,201.23204806784486,0
2023-01-01 12:49:00,59.062242789984644,205.51485376040466,0
2023-01-01 12:50:00,53.538759677277376,200.43602446372455,0
2023-01-01 12:51:00,47.18766612052866,216.95051040430752,0
2023-01-01 12:52:00,53.1620386952776,193.77350638265548,0
2023-01-01 12:53:00,54.862772248133645,201.94607455237244,0
2023-01-01 12:54:00,53.10904981108598,192.5752941430195,0
2023-01-01 12:55:00,42.14887640054772,186.79977488779295,0
2023-01-01 12:56:00,46.364314120875655,193.88230909094713,0
2023-01-01 12:57:00,48.762406822242475,199.62963202951588,0
2023-01-01 12:58:00,49.62783285449977,195.7069777548274,0
2023-01-01 12:59:00,53.10336048775339,193.07579020126144,0
2023-01-01 13:00:00,50.88850500466627,185.93682536328166,0
2023-01-01 13:01:00,43.323278206449494,199.16894427371307,0
2023-01-01 13:02:00,51.90098925502981,184.95279625969,0
2023-01-01 13:03:00,53.05292872641912,207.60055963689604,0
2023-01-01 13:04:00,52.7989522396552,200.82439752934502,0
2023-01-01 13:05:00,55.40390362777311,185.4244850053507,0
2023-01-01 13:06:00,54.16961077274452,196.90790922950137,0
2023-01-01 13:07:00,52.29590039614218,192.47843594409417,0
2023-01-01 13:08:00,49.649171442706766,203.1917451041918,0
2023-01-01 13:09:00,41.69519533242004,213.40450446023144,0
2023-01-01 13:10:00,52.14809109566293,181.24827530354256,0
2023-01-01 13:11:00,51.03843843581556,201.15026079147418,0
2023-01-01 13:12:00,51.35789418597687,198.3986720443336,0
2023-01-01 13:13:00,43.61625712089845,206.71340076450466,0
2023-01-01 13:14:00,44.59471729795869,202.13196628237688,0
2023-01-01 13:15:00,55.26576426666452,192.4803066826118,0
2023-01-01 13:16:00,49.802224230716725,196.8094606433338,0
2023-01-01 13:17:00,53.40750348686312,192.0397414319651,0
2023-01-01 13:18:00,50.1415918806523,210.76007138598598,0
2023-01-01 13:19:00,50.14878069747871,200.21311648671943,0
2023-01-01 13:20:00,54.69141902987999,219.01190685753008,0
2023-01-01 13:21:00,47.41977635891313,199.3933918618538,0
2023-01-01 13:22:00,50.48060388470492,192.91593233089537,0
2023-01-01 13:23:00,47.68862355647479,184.86285607387174,0
2023-01-01 13:24:00,47.827518862838424,181.96860323744056,0
2023-01-01 13:25:00,48.454139382656805,184.1586405699451,0
2023-01-01 13:26:00,51.110668858168566,202.67126651011483,0
2023-01-01 13:27:00,47.60625689168261,205.08725023229934,0
2023-01-01 13:28:00,56.278780627867604,184.18809297967866,0
2023-01-01 13:29:00,45.52696348890248,208.95038314076115,0
2023-01-01 13:30:00,49.06564177919321,195.16938948316562,0
2023-01-01 13:31:00,47.801344708629124,201.46793011985548,0
2023-01-01 13:32:00,57.23488942176866,216.12220628255423,0
2023-01-01 13:33:00,50.98277388255787,208.96839315865532,0
2023-01-01 13:34:00,55.159222697343175,197.3146935209417,0
2023-01-01 13:35:00,42.57219813481514,191.08807774584713,0
2023-01-01 13:36:00,51.33525132934629,178.48184598670696,0
2023-01-01 13:37:00,54.44815397811718,192.8084668075758,0
2023-01-01 13:38:00,50.41141994637712,197.88869761172305,0
2023-01-01 13:39:00,55.32740187532676,190.12820472848816,0
2023-01-01 13:40:00,47.41355774949814,198.68743032907696,0
2023-01-01 13:41:00,57.0467372009279,200.7685188295877,0
2023-01-01 13:42:00,61.49449061809625,197.7514401819192,0
2023-01-01 13:43:00,48.18580719780171,193.4999741917654,0
2023-01-01 13:44:00,47.77248739299614,201.68654671966726,0
2023-01-01 13:45:00,57.26692238558851,204.4194064956941,0
2023-01-01 13:46:00,57.89786072865356,189.09600922557155,0
2023-01-01 13:47:00,47.38569986423366,214.1093237974627,0
2023-01-01 13:48:00,47.89906591452071,199.01411867715737,0
2023-01-01 13:49:00,48.59107695569746,200.18849622944848,0
2023-01-01 13:50:00,43.27774744482861,207.08214423256558,0
2023-01-01 13:51:00,45.40674026757901,202.332161312635,0
2023-01-01 13:52:00,44.97929616623966,209.53136633913246,0
2023-01-01 13:53:00,46.16101217447936,202.87124165201826,0
2023-01-01 13:54:00,49.82657556306609,193.8756262535956,0
2023-01-01 13:55:00,51.1710736626826,203.615035252061,0
2023-01-01 13:56:00,57.75250246407038,188.56273792679337,0
2023-01-01 13:57:00,45.00822979630605,201.08559705776523,0
2023-01-01 13:58:00,54.92161199238292,199.6677000935554,0
2023-01-01 13:59:00,48.93005577887246,197.9188314272746,0
2023-01-01 14:00:00,49.752681451737836,198.7146248856107,0
2023-01-01 14:01:00,53.37409746083302,181.1815095450236,0
2023-01-01 14:02:00,44.386389892188504,194.51275092259039,0
2023-01-01 14:03:00,51.912048730920255,200.92844901141115,0
2023-01-01 14:04:00,50.83226104106528,201.598563919974,0
2023-01-01 14:05:00,52.462256320040744,189.7232485907404,0
2023-01-01 14:06:00,51.44584321953909,212.657078408647,0
2023-01-01 14:07:00,62.27650069955447,191.33825151785499,0
2023-01-01 14:08:00,46.81130007874342,209.69457200526736,0
2023-01-01 14:09:00,47.34501522499091,204.27194361871685,0
2023-01-01 14:10:00,46.88429736787618,193.53772690156197,0
2023-01-01 14:11:00,47.22261440419873,217.7531089260951,0
2023-01-01 14:12:00,46.81306436346741,188.0636316824352,0
2023-01-01 14:13:00,55.94508265553776,209.19154173610002,0
2023-01-01 14:14:00,57.102521239949276,210.0058231804298,0
2023-01-01 14:15:00,47.146268531252616,193.29379790923355,0
2023-01-01 14:16:00,45.838222134478855,213.92465300064327,0
2023-01-01 14:17:00,52.35707778193202,197.49953485401048,0
2023-01-01 14:18:00,47.23888477859514,202.88693629279857,0
2023-01-01 14:19:00,53.164659088777555,202.60321838771222,0
2023-01-01 14:20:00,51.0146151042565,198.65691258529452,0
2023-01-01 14:21:00,42.42127942501384,208.10808273159782,0
2023-01-01 14:22:00,57.737526006650306,207.93488720552213,0
2023-01-01 14:23:00,58.97938836547761,182.5146802676182,0
2023-01-01 14:24:00,46.93605654757807,213.04340242878152,0
2023-01-01 14:25:00,48.06149220032008,183.37508011964326,0
2023-01-01 14:26:00,51.429326953624525,210.32546204341656,0
2023-01-01 14:27:00,51.67228394993513,211.26705136827584,0
2023-01-01 14:28:00,53.29272136336415,189.09033569784802,0
2023-01-01 14:29:00,60.05102269383175,195.89185712045415,0
2023-01-01 14:30:00,49.11526386252975,188.94295331514064,0
2023-01-01 14:31:00,46.00851377730773,197.85078969711265,0
2023-01-01 14:32:00,43.10340385992736,196.9196571581426,0
2023-01-01 14:33:00,46.34534980029041,207.7966053226934,0
2023-01-01 14:34:00,49.83436513563102,213.10308746119608,0
2023-01-01 14:35:00,58.97278931758894,213.95683810789956,0
2023-01-01 14:36:00,47.41194350481914,194.37831973421697,0
2023-01-01 14:37:00,51.11893975819449,197.90778126255472,0
2023-01-01 14:38:00,49.917885519636236,183.1656180777905,0
2023-01-01 14:39:00,55.94196636724042,191.9412993350381,0
2023-01-01 14:40:00,62.63466212936811,209.6485163309746,0
2023-01-01 14:41:00,47.3456561353984,216.15582823548232,0
2023-01-01 14:42:00,47.552802787408886,187.65651128120078,0
2023-01-01 14:43:00,55.22080438534536,194.07535740847106,0
2023-01-01 14:44:00,53.409457448131555,199.73594243041072,0
2023-01-01 14:45:00,59.23353662868017,202.80161158819607,0
2023-01-01 14:46:00,52.91964092662982,191.90396480078354,0
2023-01-01 14:47:00,48.203539546064704,204.2406104446409,0
2023-01-01 14:48:00,52.95327415346155,195.26160652929084,0
2023-01-01 14:49:00,55.54351790291454,199.8554772912172,0
2023-01-01 14:50:00,54.10241090598682,205.46284248003698,0
2023-01-01 14:51:00,52.53637015553649,200.06422269810938,0
2023-01-01 14:52:00,55.33337344794577,195.6361410947343,0
2023-01-01 14:53:00,55.84647795222836,198.90390196074168,0
2023-01-01 14:54:00,56.91079495518763,199.11637040794665,0
2023-01-01 14:55:00,53.24354943794821,196.29988970117873,0
2023-01-01 14:56:00,49.16440959841573,197.41203937332898,0
2023-01-01 14:57:00,50.733568432166614,215.98647170504717,0
2023-01-01 14:58:00,56.03254483254178,205.6091944794124,0
2023-01-01 14:59:00,45.91532164506382,197.0451968197084,0
2023-01-01 15:00:00,51.84336654436451,206.96954404510737,0
2023-01-01 15:01:00,48.0333059383632,196.6618051024399,0
2023-01-01 15:02:00,50.143724114674086,211.73124637586642,0
2023-01-01 15:03:00,56.39225931303649,203.69642192198094,0
2023-01-01 15:04:00,50.95549534009952,198.92697855995772,0
2023-01-01 15:05:00,50.23218274078074,204.47716925810278,0
2023-01-01 15:06:00,43.200719295100406,184.291238479315,0
2023-01-01 15:07:00,53.731267830136105,188.73232531090196,0
2023-01-01 15:08:00,53.22742090570538,188.06074993600944,0
2023-01-01 15:09:00,60.8162736165273,201.42943094763706,0
2023-01-01 15:10:00,48.461108825234994,217.32514999485093,0
2023-01-01 15:11:00,51.09575163831969,222.31300146192632,0
2023-01-01 15:12:00,51.246918418553776,206.38051101440757,0
2023-01-01 15:13:00,57.887266398817374,205.00844474944458,0
2023-01-01 15:14:00,49.52352233806524,181.98942265847262,0
2023-01-01 15:15:00,51.3951076288517,194.5732620026598,0
2023-01-01 15:16:00,53.0394825485827,192.1221624809176,0
2023-01-01 15:17:00,50.93304561578179,193.79152401748885,0
2023-01-01 15:18:00,47.76783192724736,198.3185618141521,0
2023-01-01 15:19:00,50.970449964491536,195.27909422302872,0
2023-01-01 15:20:00,55.36815874929886,180.20700189624213,0
2023-01-01 15:21:00,44.867423502944696,207.47910256117532,0
2023-01-01 15:22:00,50.66484837073438,189.27256974260195,0
2023-01-01 15:23:00,46.499395925304135,202.3924686411115,0
2023-01-01 15:24:00,55.97523314462421,220.74082669749973,0
2023-01-01 15:25:00,42.384065476081126,190.80615408413576,0
2023-01-01 15:26:00,47.20539076364206,174.6971247725367,0
2023-01-01 15:27:00,51.8860593753226,197.1399577811989,0
2023-01-01 15:28:00,57.827620146171704,211.0095963499857,0
2023-01-01 15:29:00,49.67124869463506,219.58347454220595,0
2023-01-01 15:30:00,47.22400236653401,187.70450405547584,0
2023-01-01 15:31:00,59.40578534720295,204.96699223236521,0
2023-01-01 15:32:00,42.75993049791878,195.34689543219946,0
2023-01-01 15:33:00,39.00597021689959,198.94051645695865,0
2023-01-01 15:34:00,52.200072250266665,226.44343347017036,0
2023-01-01 15:35:00,47.489728878236946,184.97029671604847,0
2023-01-01 15:36:00,44.89383591434643,202.53739661494572,0
2023-01-01 15:37:00,53.541782236496765,204.67693171765433,0
2023-01-01 15:38:00,51.219003568855996,210.85786324939346,0
2023-01-01 15:39:00,47.17960684631636,200.97983153470895,0
2023-01-01 15:40:00,43.59847800664553,203.08050539504103,0
2023-01-01 15:41:00,54.36228664140072,196.0835143257821,0
2023-01-01 15:42:00,53.251005889793305,202.69126941245108,0
2023-01-01 15:43:00,49.50412068110309,196.5680772450259,0
2023-01-01 15:44:00,59.23318498023833,206.2157188985605,0
2023-01-01 15:45:00,44.64957616836924,196.30389663956365,0
2023-01-01 15:46:00,42.372374145376305,203.77100393902185,0
2023-01-01 15:47:00,46.540459650593775,199.70737186315023,0
2023-01-01 15:48:00,49.77206991822251,211.26050250772167,0
2023-01-01 15:49:00,51.21669724661346,199.48606276411513,0
2023-01-01 15:50:00,48.79381971071835,182.2696753179312,0
2023-01-01 15:51:00,51.76027698257148,212.61921500713993,0
2023-01-01 15:52:00,43.74230287904778,190.94267699137382,0
2023-01-01 15:53:00,57.2188230203663,193.4623366135118,0
2023-01-01 15:54:00,49.58924410803716,194.04338705956508,0
2023-01-01 15:55:00,55.58647915794064,213.74438093170818,0
2023-01-01 15:56:00,51.71362673188852,178.64325786021305,0
2023-01-01 15:57:00,52.28376609576892,231.37748533659993,0
2023-01-01 15:58:00,52.848836401161016,210.56056809066052,0
2023-01-01 15:59:00,52.23854280008658,202.2323891412916,0
2023-01-01 16:00:00,53.21361379933772,199.45105999383713,0
2023-01-01 16:01:00,56.64576265066216,202.85554074857657,0
2023-01-01 16:02:00,50.98260584850735,205.2112242837934,0
2023-01-01 16:03:00,53.54501878794256,206.45215585950058,0
2023-01-01 16:04:00,49.55132152856387,205.55604466003447,0
2023-01-01 16:05:00,57.200586077247365,200.89580681255248,0
2023-01-01 16:06:00,46.61803848970365,198.02661579692673,0
2023-01-01 16:07:00,59.004702164554075,198.48726716346488,0
2023-01-01 16:08:00,49.79921024677828,198.0509171964732,0
2023-01-01 16:09:00,42.84612448940976,211.33770096867065,0
2023-01-01 16:10:00,50.64052207455395,205.93556722280863,0
2023-01-01 16:11:00,46.5947417126256,170.5961136533572,0
2023-01-01 16:12:00,54.20321774494362,206.55900776529762,0
2023-01-01 16:13:00,46.73688010348805,201.94736194718774,0
2023-01-01 16:14:00,47.7690828339261,199.81291243554102,0
2023-01-01 16:15:00,40.552296345272346,196.11481546911114,0
2023-01-01 16:16:00,47.73846840375462,211.24112719986013,0
2023-01-01 16:17:00,37.88060336685522,209.47526462122858,0
2023-01-01 16:18:00,42.08048588257138,192.2712233217639,0
2023-01-01 16:19:00,53.80207328072149,204.07052287124534,0
2023-01-01 16:20:00,53.92900079325416,190.28343265458713,0
2023-01-01 16:21:00,52.12728780892483,186.2038183521107,0
2023-01-01 16:22:00,45.165119284353935,193.73282775410036,0
2023-01-01 16:23:00,49.7614432192901,208.62393472382757,0
2023-01-01 16:24:00,49.98198730454716,209.53125045376086,0
2023-01-01 16:25:00,44.20817655403729,205.13085420097292,0
2023-01-01 16:26:00,57.51699150883575,207.25095786847996,0
2023-01-01 16:27:00,54.386811452878355,205.1617828711496,0
2023-01-01 16:28:00,48.89517913085168,193.58518404777047,0
2023-01-01 16:29:00,50.134429194972654,204.3192254467394,0
2023-01-01 16:30:00,51.04191403973776,208.0040952522768,0
2023-01-01 16:31:00,39.791325657878545,207.54291329813574,0
2023-01-01 16:32:00,48.764113087397014,211.88913371474644,0
2023-01-01 16:33:00,46.59007876001101,207.08303847201063,0
2023-01-01 16:34:00,44.99189995052542,203.51448207541583,0
2023-01-01 16:35:00,48.594498535570224,210.70150238316427,0
2023-01-01 16:36:00,58.988432634247616,199.7347874075094,0
2023-01-01 16:37:00,53.20421430633505,191.1812534877228,0
2023-01-01 16:38:00,47.144105051086015,198.36933036056237,0
2023-01-01 16:39:00,52.86291390678079,192.5509735519355,0
